{"day": 1, "a": {"part": 1, "runCount": 10, "times": [9.558400051901117e-05, 2.6333997084293514e-05, 2.099999983329326e-05, 2.033399505307898e-05, 2.029100141953677e-05, 1.9334001990500838e-05, 1.9208004232496023e-05, 1.95419997908175e-05, 1.9249993783887476e-05, 1.8708000425249338e-05]}, "b": {"part": 2, "runCount": 10, "times": [0.00021249999554129317, 0.00015908399655018002, 0.0001649169935262762, 0.00016016700101317838, 0.0001226250024046749, 0.0001174160061054863, 0.00011595899559324607, 0.00011408400314394385, 0.0001096660053008236, 0.00011254200217081234]}}