{"day": 12, "a": {"part": 1, "runCount": 10, "times": [0.07645458402112126, 0.07431129200267605, 0.07423579200985841, 0.09076983301201835, 0.08133895799983293, 0.07623587499256246, 0.07970454101450741, 0.07404679199680686, 0.0746608329936862, 0.08098999998765066]}, "b": {"part": 2, "runCount": 10, "times": [0.10722520799026825, 0.09638345899293199, 0.10207758299657144, 0.09923820800031535, 0.11153037499752827, 0.13334554198081605, 0.1328727919899393, 0.14848620901466347, 0.12001729200710543, 0.09566004198859446]}}