{"day": 9, "a": {"part": 1, "runCount": 10, "times": [0.0490500419982709, 0.0013036669988650829, 0.0012467080086935312, 0.0012321250105742365, 0.001231667003594339, 0.0012280000082682818, 0.0012305419950280339, 0.0012275000044610351, 0.0012332500191405416, 0.0012276660127099603]}, "b": {"part": 2, "runCount": 10, "times": [1.438483667006949, 1.4267972919915337, 1.4338895409891848, 1.4319959999993443, 1.4316598330042325, 1.428454957989743, 1.4502508330042474, 1.597146915999474, 1.4740800409927033, 1.4345417500007898]}}