{"day": 4, "a": {"part": 1, "runCount": 10, "times": [0.0938607089992729, 0.09176008299982641, 0.09467508300440386, 0.09974616600084119, 0.09173212499445071, 0.09198874999856343, 0.09177125000132946, 0.09137358300358756, 0.09263537500373786, 0.09193920800316846]}, "b": {"part": 2, "runCount": 10, "times": [0.020739792002132162, 0.020522209000773728, 0.02046895800594939, 0.020389874996908475, 0.020294707996072248, 0.020681166999565903, 0.020548540996969678, 0.02065779099939391, 0.02057891699951142, 0.020318625000072643]}}