{"day": 13, "a": {"part": 1, "runCount": 10, "times": [0.00971558305900544, 0.009704124997369945, 0.010022124974057078, 0.00955962494481355, 0.009375958004966378, 0.009410792030394077, 0.009565665968693793, 0.009444667026400566, 0.009494917001575232, 0.009384582983329892]}, "b": {"part": 2, "runCount": 10, "times": [0.009369916981086135, 0.009573834016919136, 0.009552125004120171, 0.009330375003628433, 0.00930808309931308, 0.009286249987781048, 0.0094454160425812, 0.009468500036746264, 0.00935566599946469, 0.009325249935500324]}}