{"day": 10, "a": {"part": 1, "runCount": 10, "times": [0.01817662501707673, 0.017968542000744492, 0.018362625007284805, 0.018654000014066696, 0.017622207989916205, 0.01752358299563639, 0.01752449999912642, 0.01746945799095556, 0.017530417011585087, 0.01752387499436736]}, "b": {"part": 2, "runCount": 10, "times": [0.025867207994451746, 0.02565937500912696, 0.025592500023776665, 0.02555529199889861, 0.025588959018932655, 0.025711000023875386, 0.026844749983865768, 0.028909292013850063, 0.028305000014370307, 0.027952625008765608]}}