{"day": 6, "a": {"part": 1, "runCount": 10, "times": [0.009295875002862886, 0.01428620800288627, 0.007620500000484753, 0.007290792003914248, 0.007079125003656372, 0.006987708002270665, 0.007048625004244968, 0.006967875000555068, 0.007075499997881707, 0.007100041999365203]}, "b": {"part": 2, "runCount": 1, "times": [46.23938333400292]}}