{"day": 3, "a": {"part": 1, "runCount": 10, "times": [0.0006929170049261302, 0.000608665999607183, 0.0005997500047669746, 0.000599291997787077, 0.0005965410018688999, 0.0005950830018264242, 0.0005999999993946403, 0.0005942080024397001, 0.0005975419990136288, 0.0005975419990136288]}, "b": {"part": 2, "runCount": 10, "times": [0.0006107500012149103, 0.0005354590030037798, 0.0005330000058165751, 0.0005452080004033633, 0.0005569170025410131, 0.000534999999217689, 0.0005314170048222877, 0.0005058750030002557, 0.0005072079948149621, 0.0005207089998293668]}}