{"day": 2, "a": {"part": 1, "runCount": 10, "times": [0.008787415994447656, 0.008339666994288564, 0.008818291003990453, 0.0181916670044302, 0.008756999995966908, 0.008739584001887124, 0.02233070800139103, 0.008554291001928505, 0.008838665999064688, 0.00838458300131606]}, "b": {"part": 2, "runCount": 10, "times": [0.0440284159994917, 0.0427574579953216, 0.046450792004179675, 0.04278133300249465, 0.049012541996489745, 0.04964470899722073, 0.03678883300017333, 0.044856291002361104, 0.05187458299769787, 0.030956957998569123]}}