{"day": 7, "a": {"part": 1, "runCount": 10, "times": [0.20276504100183956, 0.1809878749991185, 0.18327729099837597, 0.1811949580005603, 0.18236687500029802, 0.18422520800231723, 0.18709804199897917, 0.18209512500470737, 0.18372670900134835, 0.1809919169973]}, "b": {"part": 2, "runCount": 7, "times": [4.332566332996066, 4.299841583000671, 4.306392416998278, 4.345384624997678, 4.327699666995613, 4.56447041699721, 4.332000832997437]}}