{"day": 11, "a": {"part": 1, "runCount": 10, "times": [0.002788625017274171, 0.0025518340116832405, 0.00284566602203995, 0.00281949999043718, 0.002512250008294359, 0.0023799169866833836, 0.0023945420107338578, 0.0026457080093678087, 0.0023446660197805613, 0.0024176669830922037]}, "b": {"part": 2, "runCount": 10, "times": [0.0499767090077512, 0.04962224999326281, 0.07940295897424221, 0.050475875003030524, 0.05017329202382825, 0.04991058399900794, 0.05324924999149516, 0.05405129099381156, 0.051018291007494554, 0.05000312501215376]}}