{"day": 8, "a": {"part": 1, "runCount": 10, "times": [0.004532833001576364, 0.00428999999712687, 0.004514583997661248, 0.004401250000228174, 0.004296332990634255, 0.004404375009471551, 0.004699874989455566, 0.004546583993942477, 0.004287458999897353, 0.0043596250034170225]}, "b": {"part": 2, "runCount": 10, "times": [0.026225125009659678, 0.025756832998013124, 0.026134667001315393, 0.025607624993426725, 0.025525542005198076, 0.025538207992212847, 0.025510457999189384, 0.025541916998918168, 0.025579833003575914, 0.025613999998313375]}}