{"day": 5, "a": {"part": 1, "runCount": 10, "times": [0.00012483400496421382, 0.0001192499985336326, 0.00011879100202349946, 0.00011854199692606926, 0.0001183339991257526, 0.00011850000009872019, 0.00011816700134659186, 0.00011829099821625277, 0.00011858299694722518, 0.0001177910016849637]}, "b": {"part": 2, "runCount": 10, "times": [0.0007339169969782233, 0.0006973330018809065, 0.0006902909954078496, 0.0006845840034657158, 0.0006832080034655519, 0.0006769169995095581, 0.0006749589956598356, 0.0006722499965690076, 0.0007137089996831492, 0.0006966669971006922]}}